{
    "shifts": [
        0.466958503512393, 
        0.21312793040600303, 
        0.09149794774692292, 
        0.04867823446990381, 
        0.28139200372685874, 
        0.6170966110268084, 
        0.17242981284774914, 
        0.604589721550656, 
        0.6600910470409712, 
        4.965267239925813, 
        0.10185805286039502, 
        29.995953464845726, 
        5782.401281402799, 
        -0.13033215309391333, 
        0.23383159088990108, 
        0.022087337717079752, 
        -0.10446383354999152, 
        0.05651602469027135, 
        2.7050773172886506, 
        177.90558084640028, 
        2.275581644613045
    ], 
    "columns": [
        "commonlinkratio_1", 
        "commonlinkratio_2", 
        "commonlinkratio_3", 
        "commonlinkratio_4", 
        "image_ratio", 
        "is_news", 
        "parametrizedLinkRatio", 
        "alchemy_category_score", 
        "lengthyLinkDomain", 
        "numwords_in_url", 
        "spelling_errors_ratio", 
        "linkwordscore", 
        "non_markup_alphanum_characters", 
        "news_front_page", 
        "html_ratio", 
        "hasDomainLink", 
        "embed_ratio", 
        "frameTagRatio", 
        "avglinksize", 
        "numberOfLinks", 
        "compression_ratio"
    ], 
    "inv_scales": [
        4.923452203623959, 
        6.869297046518836, 
        10.60525562222422, 
        14.205411983630283, 
        0.4862211811138548, 
        2.057037452127414, 
        5.451311768529298, 
        4.6966000319789405, 
        2.110960765827343, 
        0.3084090202908185, 
        12.554058370497533, 
        0.04927140607024825, 
        0.00010853729833355072, 
        2.2865059262933323, 
        19.09938542269999, 
        6.803645299809389, 
        3.252264024503732, 
        23.92753985624822, 
        0.12262506946433183, 
        0.005414745368494242, 
        0.17441672999060587
    ]
}