{
    "shifts": [
        0.05651602469027135
    ], 
    "columns": [
        "frameTagRatio"
    ], 
    "inv_scales": [
        23.92753985624822
    ]
}